,bert_polarity,vader_polarity,textblob_polarity,flair_polarity,Sentiment
bert_polarity,1.0,0.5878195798469433,0.5267193065877398,0.6200972431180797,0.7435851922120266
vader_polarity,0.5878195798469433,1.0,0.5154220597028571,0.48701188862728234,0.5194950752203097
textblob_polarity,0.5267193065877398,0.5154220597028571,1.0,0.41960647944949614,0.4740609898589025
flair_polarity,0.6200972431180797,0.48701188862728234,0.41960647944949614,1.0,0.6398993706933609
Sentiment,0.7435851922120266,0.5194950752203097,0.4740609898589025,0.6398993706933609,1.0
