,Unnamed: 0,Dataset,Log_reg_meta,GBoost_meta,VADER,TextBlob,Flair,BERT
0,0,Sentiment140,0.7383333333333333,0.72,0.6645,0.5995,0.695,0.73
0,0,conversational,0.895,0.885,0.7305,0.705,0.8195,0.862
0,0,amazon,0.9383333333333334,0.94,0.6885,0.654,0.928,0.8575
0,0,semeval,0.8822393822393823,0.8764478764478765,0.7068366164542295,0.6176129779837776,0.761297798377752,0.8748551564310545
0,0,newsheadline,0.715,0.6983333333333334,0.6235,0.5305,0.665,0.6805
0,0,fused_data,0.8224811514736121,0.8300205620287868,0.6820892453218178,0.6214271026115566,0.774110631297553,0.7988895743368292
