,Dataset,Log_reg_meta,GBoost_meta,VADER,TextBlob,Flair,BERT
0,fused_data,0.8224811514736121,0.8300205620287868,0.6820892453218178,0.6214271026115566,0.774110631297553,0.7988895743368292
